{
  "depth": {
    "background": "#161C2C",
    "buyColor": "#159B74",
    "sellColor": "#BC2351",
    "globalAlpha": 0.4,
    "lineWidth": 2
  },
  "xAxis": {
    "height": "25",
    "line": {
      "color": "#fff",
      "size": 0.5
    },
    "tickLine": {
      "color": "#fff",
      "size": 0.5
    }
  },
  "yAxis": {
    "width": 60,
    "line": {
      "color": "#fff",
      "size": 0.5
    },
    "tickLine": {
      "color": "#fff",
      "size": 0.5
    },
    "position": "rigth",
    "tickTextPosition": "outside"
  }
}